term,community
-minute,0
able,0
academic,0
access,0
accessibility,0
accessible,0
additionally,0
address,0
addressing,0
advocate,0
affecting,0
aimed,0
aiming,0
allows,0
amenity,0
analyse,0
analysing,0
analysis,0
analyze,0
apply,0
assess,0
assesses,0
assessing,0
assessment,0
attention,0
barrier,0
becoming,0
beyond,0
big,0
bike,0
broader,0
build,0
call,0
category,0
chrono-urbanism,0
cluster,0
cohesion,0
combine,0
combining,0
community,0
complexity,0
comprehensive,0
concept,0
conduct,0
connectivity,0
constraint,0
context,0
contributes,0
contributing,0
coverage,0
critical,0
crucial,0
cultural,0
data-driven,0
database,0
decision,0
decision-making,0
define,0
definition,0
demonstrate,0
dense,0
densely,0
derived,0
despite,0
detailed,0
determinant,0
developing,0
develops,0
dimension,0
discourse,0
disparity,0
distinct,0
district,0
diverse,0
diversity,0
dynamic,0
education,0
emphasis,0
emphasizes,0
employ,0
employed,0
engagement,0
enhance,0
enhanced,0
enhancing,0
ensuring,0
environment,0
equitable,0
equity,0
essential,0
evaluate,0
evaluates,0
evaluating,0
evaluation,0
examines,0
examining,0
explores,0
exploring,0
face,0
facilitate,0
facility,0
facing,0
five,0
focused,0
food,0
foster,0
fostering,0
framework,0
function,0
gained,0
geographic,0
gi,0
gis-based,0
governance,0
group,0
guide,0
healthcare,0
highlight,0
highlighting,0
identification,0
identifies,0
identify,0
identifying,0
implement,0
implementation,0
implementing,0
importance,0
improve,0
improving,0
include,0
inclusive,0
incorporating,0
increasingly,0
index,0
inequality,0
inform,0
infrastructure,0
innovative,0
integrate,0
integrates,0
integrating,0
interest,0
intervention,0
justice,0
knowledge,0
lack,0
learning,0
like,0
limitation,0
limited,0
literature,0
livable,0
liveability,0
liveable,0
map,0
mapping,0
measure,0
measurement,0
measuring,0
meet,0
method,0
methodological,0
methodology,0
metric,0
mixed-use,0
mobility,0
model,0
modelling,0
necessity,0
need,0
neighbourhood,0
network,0
north,0
novel,0
offer,0
offering,0
often,0
optimal,0
pedestrian,0
peripheral,0
planner,0
policymakers,0
popular,0
practical,0
primarily,0
principle,0
priority,0
promoting,0
propose,0
proposes,0
proposing,0
providing,0
proximity,0
proximity-based,0
quantitative,0
radius,0
rapidly,0
recommendation,0
reflect,0
remain,0
remains,0
require,0
requires,0
researcher,0
residence,0
resident,0
resilience,0
resilient,0
reveal,0
revealed,0
reveals,0
ride,0
score,0
segregation,0
serve,0
service,0
setting,0
short,0
six,0
socioeconomic,0
spatial,0
spatially,0
support,0
systematic,0
targeted,0
technique,0
tested,0
threshold,0
tool,0
topic,0
underscore,0
understanding,0
valuable,0
varying,0
vision,0
vulnerable,0
walk,0
walkability,0
weighted,0
well-being,0
widely,0
within,0
worldwide,0
x-minute,0
zone,0
zoning,0
accommodate,1
according,1
achieving,1
additional,1
adequate,1
adult,1
affect,1
age,1
agglomeration,1
along,1
although,1
amount,1
analyzed,1
analyzing,1
answer,1
applying,1
argument,1
assessed,1
associated,1
association,1
assumption,1
attractive,1
attribute,1
available,1
average,1
background,1
balance,1
better,1
block,1
boundary,1
built,1
calculated,1
capital,1
capture,1
caused,1
census,1
center,1
central,1
centre,1
certain,1
changing,1
characterized,1
claim,1
clear,1
collected,1
commercial,1
compact,1
compactness,1
compare,1
compared,1
comparing,1
concentrated,1
concentration,1
concludes,1
conclusion,1
conducted,1
consider,1
considerable,1
considered,1
construction,1
consumption,1
continuous,1
contrast,1
controlling,1
correlation,1
country,1
cover,1
created,1
data,1
decline,1
decrease,1
degree,1
demographic,1
density,1
determine,1
determined,1
developed,1
difference,1
dispersed,1
draw,1
driving,1
dwelling,1
effect,1
efficiency,1
empirical,1
established,1
estimate,1
estimated,1
evaluated,1
evidence,1
examine,1
examined,1
expanding,1
expansion,1
experienced,1
explore,1
explored,1
extent,1
feature,1
form,1
four,1
general,1
generally,1
geographical,1
given,1
government,1
greater,1
greenery,1
high,1
high-density,1
higher,1
highest,1
highly,1
house,1
household,1
housing,1
hypothesis,1
image,1
impact,1
included,1
income,1
increase,1
increased,1
indicate,1
indicating,1
indicator,1
individual,1
influence,1
interaction,1
investigate,1
investigated,1
investigates,1
investment,1
known,1
land,1
land-use,1
large,1
largely,1
larger,1
layout,1
least,1
less,1
likely,1
linear,1
link,1
linked,1
little,1
living,1
location,1
long-term,1
low,1
low-density,1
lower,1
made,1
major,1
maker,1
management,1
market,1
measured,1
mechanism,1
metropolitan,1
might,1
mitigate,1
mix,1
modeling,1
much,1
multiple,1
negative,1
neighborhood,1
observed,1
obtained,1
older,1
one,1
oslo,1
outcome,1
pattern,1
per,1
performed,1
period,1
personal,1
policy,1
population,1
positive,1
positively,1
preference,1
presence,1
presented,1
previous,1
price,1
primary,1
property,1
proportion,1
provision,1
questionnaire,1
range,1
rapid,1
rate,1
ratio,1
region,1
regional,1
regression,1
relationship,1
relative,1
relatively,1
relevant,1
required,1
residential,1
respectively,1
resulting,1
rural,1
satisfaction,1
scale,1
scenario,1
secondary,1
seeking,1
shape,1
show,1
showed,1
shown,1
significance,1
similar,1
simple,1
situation,1
size,1
small,1
smaller,1
source,1
south,1
specifically,1
sprawl,1
statistical,1
strongly,1
structural,1
studied,1
study,1
subject,1
substantial,1
suburb,1
suburban,1
suggest,1
suggested,1
suggests,1
supply,1
surface,1
survey,1
tend,1
test,1
today,1
total,1
tree,1
trend,1
turn,1
type,1
typical,1
understand,1
understood,1
united,1
urbanisation,1
urbanization,1
us,1
variable,1
variation,1
vary,1
via,1
western,1
whereas,1
whether,1
whole,1
account,2
active,2
activity,2
actual,2
adoption,2
affordable,2
air,2
allow,2
applied,2
automobile,2
availability,2
base,2
behavior,2
behaviour,2
benefit,2
bicycle,2
car,2
carbon,2
cause,2
child,2
choice,2
close,2
combined,2
comfort,2
commute,2
commuting,2
comparison,2
configuration,2
congestion,2
consequently,2
consideration,2
considering,2
cost,2
creating,2
currently,2
cycle,2
cycling,2
daily,2
dependency,2
designed,2
designing,2
destination,2
direct,2
distance,2
effort,2
emission,2
employment,2
encourage,2
encouraging,2
even,2
everyday,2
exposure,2
frequency,2
health,2
healthy,2
help,2
home,2
implication,2
improved,2
improvement,2
influenced,2
job,2
leisure,2
lifestyle,2
limit,2
live,2
longer,2
mass,2
min,2
minute,2
mode,2
move,2
must,2
noise,2
option,2
others,2
path,2
people,2
percentage,2
performance,2
pollution,2
possible,2
private,2
promotion,2
public,2
reach,2
reduce,2
reduced,2
reduces,2
reducing,2
reduction,2
road,2
route,2
safe,2
safety,2
school,2
sector,2
share,2
shopping,2
shorter,2
showing,2
simulation,2
speed,2
state,2
station,2
status,2
step,2
still,2
street,2
supporting,2
system,2
taken,2
target,2
time,2
tod,2
together,2
town,2
traffic,2
transit,2
transit-oriented,2
transport,2
transportation,2
travel,2
trip,2
usage,2
vehicle,2
volume,2
walkable,2
walking,2
work,2
working,2
ability,3
achieve,3
achieved,3
action,3
adaptation,3
addition,3
addressed,3
adopted,3
advance,3
advantage,3
affected,3
agenda,3
aim,3
already,3
alternative,3
analysed,3
application,3
approach,3
appropriate,3
architecture,3
argue,3
argues,3
around,3
attempt,3
authority,3
basic,3
basis,3
become,3
best,3
building,3
business,3
capacity,3
carried,3
case,3
century,3
change,3
citizen,3
climate,3
combination,3
common,3
comparative,3
complex,3
component,3
concern,3
concerning,3
condition,3
connected,3
connection,3
consequence,3
contemporary,3
contribute,3
contribution,3
control,3
conventional,3
core,3
covid-,3
create,3
creation,3
crisis,3
criterion,3
culture,3
deal,3
debate,3
decade,3
defined,3
demand,3
demonstrates,3
densification,3
depends,3
design,3
develop,3
development,3
direction,3
discus,3
discussed,3
discusses,3
discussion,3
document,3
drawing,3
early,3
ecological,3
economic,3
economy,3
ecosystem,3
effective,3
effectively,3
effectiveness,3
efficient,3
element,3
emerged,3
emerging,3
end,3
energy,3
ensure,3
environmental,3
environmentally,3
especially,3
estate,3
etc,3
example,3
existing,3
expected,3
experience,3
experiencing,3
extensive,3
extreme,3
fabric,3
fact,3
field,3
finally,3
first,3
focus,3
focusing,3
following,3
fully,3
functional,3
fundamental,3
future,3
garden,3
generate,3
generated,3
geography,3
good,3
great,3
green,3
growing,3
guideline,3
half,3
highlighted,3
historical,3
human,3
idea,3
ideal,3
identified,3
identity,3
implemented,3
increasing,3
industrial,3
information,3
inhabitant,3
initiative,3
inner,3
instead,3
integrated,3
integration,3
intensification,3
international,3
interview,3
introduction,3
investigation,3
landscape,3
last,3
lead,3
leading,3
led,3
life,3
light,3
line,3
local,3
located,3
long,3
loss,3
mainly,3
make,3
making,3
many,3
mean,3
mitigation,3
mixed,3
modern,3
morphological,3
morphology,3
movement,3
municipal,3
municipality,3
namely,3
national,3
natural,3
nature,3
needed,3
nevertheless,3
new,3
numerous,3
objective,3
observation,3
old,3
ongoing,3
open,3
order,3
outdoor,3
pandemic,3
paradigm,3
parameter,3
park,3
part,3
participation,3
past,3
perceived,3
perception,3
perspective,3
phenomenon,3
physical,3
place,3
plan,3
planned,3
play,3
point,3
political,3
poor,3
possibility,3
potentially,3
practitioner,3
present,3
pressure,3
problem,3
process,3
progress,3
project,3
proposal,3
proposed,3
protection,3
provided,3
purpose,3
put,3
qualitative,3
question,3
rather,3
real,3
recent,3
recently,3
redevelopment,3
reference,3
regard,3
regarding,3
regeneration,3
regulation,3
relation,3
report,3
represent,3
represents,3
requirement,3
resource,3
respect,3
response,3
resulted,3
review,3
risk,3
scientific,3
second,3
seek,3
seems,3
seen,3
selected,3
sense,3
series,3
set,3
settlement,3
shift,3
since,3
single,3
site,3
smart,3
social,3
socially,3
society,3
socio-economic,3
solution,3
space,3
special,3
stakeholder,3
standard,3
strategic,3
strategy,3
strong,3
structure,3
success,3
successful,3
surrounding,3
sustainability,3
sustainable,3
take,3
taking,3
technology,3
territorial,3
territory,3
theme,3
theoretical,3
theory,3
throughout,3
toward,3
towards,3
traditional,3
transformation,3
transition,3
typology,3
underlying,3
unique,3
unit,3
urbanism,3
useful,3
user,3
value,3
view,3
vulnerability,3
water,3
way,3
without,3
world,3
year,3
yet,3
